id,phone_sequence
mgrt0_si1450,CyLMJLlrIwysKDLHIaJnJwEDvFQCDyLkvbUIwJyDLkwLAJLMwDJvwywmwDwnJLMwLusKwD
mdab0_sx139,lcLhaDLkcBFSFcUJLHBcJBsJwLiSGwmwLkhwmlwKaI
fgjd0_sx279,bBeBJnwnUwQlwBcBLMyLzwcSnrLAScwNMkeLJwQLQHIwQsDKwDwULDeFSrly
mrws1_si1496,bQtLMrlbLhgBFDJtScUrnwLAUJaBLMwDLMByTyPUy
mrjm4_sx229,aITwBcQLATwEtaICLHBcacDcDLk
fpas0_si1272,vBanQrLMirsnbnJLMIrQtnwQUwLAJ
mcmj0_sx374,zaDwLABIysDULwKatwnrKtrcCBnQwD
mtas1_si2098,vyLuwQCwKaILAvaILkBbtwDBOLMwDvrDFGwEBy
fdrw0_si653,KPwBywLmwJwUwcQIybaBacmySyaBwLDFaeBwLz
mbwm0_si1934,SsmBlcQcSaB
mjdh0_sx274,lNlcQtSPJPClCwUNLhgQlcQBcrLiTrIywJLCcJaK
faks0_si1573,vwUJLAbDLMcDScJLMbwDcDvbLurLknDkwULhTPmwtBLhkFPLMJLSrISaIDmwDLKbLhy
mjsw0_si2270,kaLuULkwLkJcDLMwELMcScDULyLuF
mmdb1_sx365,lwLAcDcDCDcLAnQLMkwUQwLMcCLAaIDvrLmbLMkcDLHBGDLktIrNIyaerU
fdrw0_sx383,lwLAaLtwLAByEDwKbCLHIPmarIvbDcBFDQIacLk
mlnt0_si1902,lcLHaBJwELuBFQcJwLrInLM
mthc0_sx25,vFBDBsQBGrUBFQCDTwPFBwywDnrU
mwjg0_sx224,veCLAPOLMwLwUTrwDLkIaIwDJ
mlll0_sx193,vSgLhgaGwnwaBaBvLSwDTaFDKTPULCgD
mrjm4_sx319,vwLhwLuFLMgQByvbCLhBLkUMIyPlwtaICvrLD
mtas1_sx118,vMcCLhgDaBQlyDLuIymywDJLwDcBaILzLhB
mjar0_si2247,SyLADwJnDBynrKPwDC
mlnt0_si642,lknLHIaLJLArLMPJLMbLHBbmrJLJnbLiwsnrnbDaILHaCtbD
mrjm4_sx139,lcLhcDLucBFScULHIFcUJUDCyJwLiPGsmswLDTwIwlwKrar
majc0_sx205,SlwBcLMnIywLHrJwDerLAJLHhHnLMwQLMIPFBLhsLucFQcCwDaImrJ
fnlp0_sx408,aLkQIaLlwJcLhBsLhlwnmcgvbQnwDyEDcQLisEDU
fgjd0_sx9,vSwnrSIrwyEvTPvSaBSySrcSs
mmdm2_sx372,lbLhgLuIeCDCsLAJnDLJvSaFBybtLMrCcLiJLMcmy
mmdb1_si995,bLkwtrDLMgDCUJwyJrQLkwULAByLABcCQCcCDLABnrBymrLDbnwDwUSaIcwLuwDcnwJLM
mjdh0_si1354,SwNwDcBaILzrJFKcBJwJLMcCvSaIDLlwJLMIcLAKIFDtcELAKICaJcCLhHJwJLMcCUJ
mcmj0_sx104,vwJLMacLkgrCDtIrnCcLhnLur
mrtk0_si1723,vwDyPSgLkywLkIwJtLMwQLlwDtIrCDlcFSr
mjar0_si728,HFLJNvybCLHBUcDlwJrcLtrLMaFBUDCnDwLMJLkrwywDcCDwDLAcB
mbdg0_si833,vLvBbnJLHrKcwDBKJnBULCcDKw
mwew0_sx371,IsLDeCwDecLHhylmlwLhncJLMbDtrLhwUDwJLCrLzrUJ
mtdt0_sx274,ABwtSaScDUJPlNcLhcmlcBFcQLKTwrIywJLCcJaLz
mbwm0_si1304,vwSwUwLAJLHBFlPULMPcvacLQlcBacJclyLubnKLiIO
fdac1_sx34,keFeDcLkzPLigByUJLMzrsmyELkuwKwJ
mbwm0_sx44,lhbJLAwLHaFBLADLQywDwPDrLAsQCwEJLHaI
fjmg0_sx191,SwJLkIaBteaDyvbLAyJsKwDUJwnwLSagDLMJ
fkms0_sx320,lwDwPIrcrJwDmwDLuaLuADCsDaLHhySwNwDcSaLAvwDLkwJLMwDJ
mjdh0_sx4,zAzsDCsyrwDCaICcgDyLhgISrLAwEvaILk
mdlf0_sx413,kbtyJLSymywKLDymBLHGDJLAaItICbLiLMrJLAr
mrcs0_si1223,lwcInLAFLMLIbDBgLAIbCQLQhwLMJ
mklt0_si583,lwJLSwLAwDJwLtHcNtnmwLABybcDwJLMbDQ
mjsw0_sx110,lcLhnJLSsmcBgrDwJLlMwJaBQbLAJLMIrLHIeaLhBcDCUJ
mdvc0_sx36,FDBwGElcCFJLMwLAaBLHhFOKMaImwJLJcLMsDLHaLHTPwPBnrmy
mwbt0_si1553,veSnQclcDBwmrIyCsyDLkaLhbDLMwLhgJnQBLkcUcCDBcDLiMIPFCDJcLHrwUJUJ
mwjg0_sx314,vwLHyLHcBScCQvSaIwLzizcDInwUJLlwScQLlyDFDyLtrcSnBtnr
mers0_sx299,KsQwELAIsysCwUwLHaLHwBrgmQcCaDvbBcSBy
fadg0_sx19,lcBwPCnwDcDCJFQSrwrLAnDatwDLhytBnDUy
fmgd0_sx124,aLzwLAJLCsLkwQLHTPmraILhTPwtB
mcmj0_sx194,DlQlsbwDLzGIGsnsrSrDgrLkwKwD
mglb0_sx4,zsDCsyrDCaILhgcDkywLheFSrLMwDvarIrLk
mdab0_sx409,lyQmyEJLHwDmwnwQLKLDgByLAIyJwJLMIgLNLIbLKBacJLBy
mbpm0_si1584,InLirwUatwCLATrwJatwDLMnCLMwLkbJLASnKLiwDJULhcmywDnQrLkwnw
mmjr0_sx28,lhLhsELQbLuaILktIaFaIDLkueBFDcQLubJ
mdlf0_si2213,JcCLhcmyScNDFQgJwU
fmld0_sx385,vwKFBLkrtnBNlcwUwtwLSrLhIFLHAwmD
mwbt0_sx383,lwLAaLHwLABymrULKwcCLHPLkemerFaIyacDLMcDIacLuk
mrjr0_si1812,vwLMirDmwLkywUDFLMgCtaIwLAIwCwDsKDwDUJ
mmwh0_sx279,bBcJwUcLhwBcLMyLMcSrLSDwlnbBLJPLHrQwKwDCwULDFLSwNw
mjln0_si819,lnrtaIJwUcCaIDByDLDPLlnDwDcDBnLMIwJwLkyLbDBnwJwDwDCbEwUNUJwUcD
mtdt0_si1994,JPaBtaByULhwrwUJLScULkwLuwnwLCTywDLQhnLDCbDTPLzwJLHnDcBcBamcCcDy
fmml0_sx230,vcBeBlySsEvwrLlcLIbKDagUaBvnrU
frew0_si1280,lwJInBLtMrKaDSwcLhrQIegagmaDCQBUbLkzJBwQtaBeLHrLMAnLAKD
mteb0_sx53,lvyvyQwDcwJwcCLHBQBLAbQIywBnrwLAwDLMvsEJwCLhBUJ
fpas0_sx404,haILhrDLHsLHIrDByUwDcQLhwLhaQtagr
mrcs0_sx143,lcwJabeDLkwQLzwnwDcwQtrULhywLuhBJLAuwrLlybDtMBFLH
fjlm0_sx233,veSsTwCDtIySsEDCDyDlcwJgELNkcgsDsE
mmdm2_si2082,vTrLhaGBwECnBLAsDLHTP
fpas0_sx224,vFeLuPmvwUTrcwDLkrDLJ
fdhc0_sx209,CgLABLABcFBwrLlwLhnLzrCSBaBSwLNLAIscacDU
mjsw0_sx200,IbBtLAwDLMIFBlcJLMaLhSabLMtIcDlcLhByLirJ
mglb0_sx274,AuBwtScJPNLhclFBcLzrywJLCcJagLzKzKz
mgwt0_si909,MAcCLHaBJrIyIyLMgrCnDkwnwLMJwLAJLMytgQcBwCUcaDgvcrIgJUcD
mdvc0_sx306,cLiTraBUcDtT